"615.230067,904.819431,Adara Media"
"614.806062,904.396751,Adara Media"
"614.807342,904.398032,Adara Media"
"614.807338,904.398028,Adara Media"
"614.807338,904.398028,Adara Media"
"614.807338,904.398028,Adara Media"
"614.807338,904.398028,Adara Media"
"614.807338,904.398028,Adara Media"
"614.807338,904.398028,Adara Media"
"614.807338,904.398028,Adara Media"
"614.807338,904.398028,Adara Media"
"614.807338,904.398028,Adara Media"
"614.807338,904.398028,Adara Media"
"614.807338,904.398028,Adara Media"
"614.807338,904.398028,Adara Media"
"614.807338,904.398028,Adara Media"
"614.807338,904.398028,Adara Media"
"614.807338,904.398028,Adara Media"
"614.807338,904.398028,Adara Media"
"614.807338,904.398028,Adara Media"
"614.807338,904.398028,Adara Media"
"614.807338,904.398028,Adara Media"
"614.807338,904.398028,Adara Media"
"614.807338,904.398028,Adara Media"
"614.807338,904.398028,Adara Media"
"614.807338,904.398028,Adara Media"
"614.807338,904.398028,Adara Media"
"614.807338,904.398028,Adara Media"
"614.807338,904.398028,Adara Media"
"614.807338,904.398028,Adara Media"
"614.807338,904.398028,Adara Media"
